user_id,meeting_response_id,description
47,150,Employee modern many public draw after.
41,22,Play although billion.
44,131,Smile minute land treatment peace everything.
83,8,Time letter local.
36,101,Main situation move on among.
87,16,Yard let main method week.
2,128,Send seek student another debate until trip.
65,171,Less evening join save.
18,3,Energy black mean which for firm.
72,183,Past room station bill.
80,15,Boy news also network.
62,43,It authority around decision quickly.
94,75,Whether worker chance.
82,50,My whatever statement most along.
64,83,My walk instead newspaper improve.
98,192,Short either again down knowledge among real.
28,146,Election anything crime another.
88,159,High dark poor environmental church wall pick.
38,32,He reveal person will likely.
1,136,Maybe respond list.
89,206,Fish attack majority.
81,24,Economic likely half condition collection red throughout.
81,43,Floor often perhaps where hit anyone.
54,184,Into employee system.
37,74,Them five number family.
100,77,Land hand smile teach better.
35,32,Later court whom present well baby help.
58,68,Whatever cup response child opportunity process.
52,126,Store beyond kind talk relationship.
49,191,Central because wonder at.
69,213,Production others might about over enter.
56,193,Room good stock food help.
88,39,Form old myself girl effort seven game everyone.
5,100,Rest structure baby or public.
1,100,Local course office require find support edge.
55,69,Machine receive young record turn will.
71,14,Where talk none authority remain moment.
70,100,Local view candidate.
25,180,Role them structure onto main.
78,177,Close determine ready everything move.
89,84,Way attention pick war woman people.
76,1,Something a head today answer modern.
57,106,Boy ago explain east page.
71,213,Pull outside cultural money.
81,213,Market war actually edge just service million decide.
74,202,Heavy new much.
13,176,Three together better easy.
15,69,Even assume party arrive young maybe.
82,172,Order memory require skill government whose Congress.
73,128,Century low deal.
88,154,Like operation store run would respond.
100,127,Unit total station agreement though.
66,27,Daughter rich memory at.
6,102,Dog let realize not plant analysis economy.
91,28,Unit front fear.
84,90,Discover population civil director manager parent identify.
58,147,Local simple or week attack say information.
2,166,Despite dream single third sort film.
68,98,Fill attention consider toward rich.
2,53,Matter buy this weight.
78,173,Manage bank class authority.
12,206,Issue central join resource.
44,41,Hard join sister.
7,157,Note assume business.
42,177,Particularly try factor approach present.
16,214,Bed work ask worry lot.
97,166,Politics base daughter color current nice.
24,127,Reveal I evening.
66,185,Seek stop serious reflect financial report carry.
69,214,Pick suffer risk.
6,178,Leave happy until continue seat significant range.
79,55,Inside spend use fear without stuff.
40,36,Mrs analysis rather off east such.
86,133,Leg middle fire.
25,150,Necessary discover send administration though probably early.
19,204,Including thousand them suggest across.
72,133,Next laugh at senior.
89,27,Why over life risk.
75,133,North strategy single four.
11,58,Ahead choice either.
100,42,Turn response analysis song.
60,199,Customer save sound consider window.
1,24,Dog everyone stuff color ever above.
91,52,Nature mind air pressure.
88,109,Yard concern interest special identify.
8,217,Home interest why marriage save.
13,2,Star during center act plant ask single four.
99,107,Back chair build.
42,152,Will public show support easy man.
58,21,Before act catch story above.
35,2,Just job nearly month table wear.
84,167,Term manager itself clear kid.
24,148,National here east size price career.
80,95,Find available relate interview.
7,130,Wish power very organization less recently.
36,8,None view across every over network none.
58,220,Consumer interest indeed rate.
36,146,Establish yourself by audience administration.
53,53,Say modern various.
71,115,Toward blue leg young.
27,141,Fear lawyer on hotel more collection.
40,163,Six project really phone which.
37,4,Home itself audience history management.
80,72,Determine still mother customer place.
31,41,Hospital clear control commercial.
86,9,Require entire before control product out.
55,196,Scene network time.
67,163,Discuss piece assume current character effort high.
79,109,Almost factor product learn south level will.
38,145,Again door page management structure them.
12,146,World identify political many.
51,70,Reflect in take threat option up.
31,26,International live bill interest develop reality we.
31,138,Perhaps many deal cell.
52,160,Our various rise floor case clear.
43,145,Learn continue official else away group in.
9,110,Nice choose yeah final three book.
13,219,Establish family attention discussion listen yet.
50,70,Finally activity improve us no sell blue Democrat.
73,161,View bring partner school window.
31,186,Agent put year herself history hour.
53,101,Claim somebody thought table.
92,5,Determine fight often food news themselves central.
49,119,Through political air administration meet impact employee point.
92,215,Stop note meeting my able phone long.
88,46,Base from by hour.
30,72,Technology bit positive baby.
60,171,Town billion run else agency.
55,127,Out inside able front throw if.
82,139,Now determine sit dinner share raise.
31,201,Organization green order.
32,103,Better professional west pass state start lawyer.
29,200,Business stuff fill question part lose.
89,103,Friend later company health.
35,55,Wonder benefit north think eight red.
27,209,Find left concern professional.
83,136,Loss watch weight trade although debate.
52,174,Protect gun with pull work then chair.
7,107,Happy company board task.
91,224,First interest lead ready.
87,212,Difficult majority avoid candidate.
17,2,Stock PM anything pay.
88,84,Exist season decade notice prove end look.
9,212,Card if ball itself continue similar state.
69,137,Within authority thousand service good story.
7,140,Why leg cultural test indeed least.
28,222,Road what discover else.
77,4,Must woman test issue room place.
68,16,Us service mean interesting wrong.
51,15,Provide ok discover wide property let down.
49,214,Today suffer moment forget.
3,73,Century face once land.
78,119,Or must site whose improve positive.
10,168,Girl window staff.
86,47,Machine here evening.
23,173,Character election technology almost why result something.
66,221,Big list defense option.
90,144,Inside strategy clearly meet.
23,113,Voice few past scene control issue office.
54,201,Mr cut director century majority explain nation authority.
20,149,Section car candidate list free.
45,110,Rather everybody population issue house teach whatever.
16,101,Table imagine month important business.
87,209,You executive strong senior party raise her call.
29,48,Simply way training cultural effort condition north.
51,210,Force two section population.
44,212,Trade yes cell meet.
11,23,Itself debate easy drive knowledge down.
94,147,Worker none particularly town particular they.
84,3,Share specific military color need born.
87,93,Carry make law both win argue certain.
55,219,Admit industry follow seat behind central.
79,37,Plan account trouble adult.
92,28,However million environment mouth.
79,74,Loss dinner as fire seek thing prepare.
10,118,Number financial fund although.
47,32,Accept federal table political head yes although author.
46,96,Responsibility worry small administration include sort.
12,57,Foreign catch police respond.
10,107,Political behavior pretty somebody.
37,156,Science certain where evening current feeling consumer.
69,127,Series yeah instead prevent investment his possible bank.
67,79,Fly last surface anything action method imagine.
40,16,Night far report bar hundred.
49,56,Light upon later fund person too radio light.
33,51,Pressure statement mother federal effect onto hot.
36,31,Condition left natural each also receive.
43,90,Road may fish.
89,217,Life front travel baby.
39,87,Daughter practice drop modern board issue.
39,34,Eye leg my stock tonight loss.
48,193,Wide physical run but example traditional.
50,37,Student few top.
11,53,Ball recognize inside serve.
36,15,Baby mother some these raise.
90,123,You condition right record either.
54,137,Beat pattern arm store.
36,222,Attack phone my economy research current pretty get.
5,27,Quickly body something push share mother.
32,215,Often learn represent pretty stop eight if.
73,90,And include sit career but.
9,12,Decide old attack red.
65,62,Agent edge friend through employee general break.
72,79,Court why all picture instead amount yourself board.
81,67,Political instead authority degree.
37,179,Sign identify commercial strategy his game.
8,163,Everything religious woman so.
63,99,Six remain most wish.
98,87,Tax where red develop involve hot drop.
36,109,Baby build rather hot short provide.
50,39,Measure window probably sing than moment.
94,101,Last until left day choose above table.
35,206,Stuff everything best hour activity investment.
90,68,Cultural father drop.
91,224,Show bag must security when nice not we.
59,223,Interview represent relate image same game.
43,96,Debate score season single eight close civil this.
96,18,Miss yeah enter lot to.
64,207,Even security study need.
13,110,Would tend matter enjoy bar partner run single.
55,52,Minute call close raise despite.
24,51,Brother there rise job tax move theory.
92,158,Especially Mr success father.
49,99,Discover beyond yard affect.
3,105,Quality training mean actually quickly step article technology.
60,98,Interesting dream easy service white.
11,142,Before maybe item admit.
69,163,Half entire thus full trouble.
98,6,Interesting instead share.
76,150,Show after value idea.
27,18,Growth lot individual name.
11,206,Each land member talk edge.
71,72,Still conference audience.
64,207,Let window energy.
95,48,Treatment apply blue force window indicate.
58,124,Spend certainly subject than.
12,202,Individual her oil because table.
21,112,Professor speech member somebody message later table.
92,155,Between million class product traditional until.
61,38,Receive condition hit significant end Mr.
65,102,Ahead kind full theory.
58,127,Argue moment often.
14,164,Will decision concern.
87,88,She per fast small air treat your.
59,26,Property second culture.
93,1,Prove really democratic adult leg.
58,44,Actually hard culture tree.
80,88,Cost like letter send heart serve simply.
49,74,Art represent cover expert loss have measure.
82,94,Think election person form.
34,213,Benefit and capital common white nature until.
79,14,Itself particular itself.
55,47,Medical get from dream will court.
77,221,Door maintain system Republican likely.
31,23,Wind prove nice choose keep upon.
17,217,Build glass record scientist peace when.
91,201,Coach think true back save contain.
11,94,Situation drug social water four scene.
58,38,Have list second.
59,70,Long product language chair.
76,35,Gun weight single lot method call.
69,90,Moment know full western sometimes beautiful allow.
44,198,Follow career dream economy write agree.
24,49,Boy allow order official Congress school.
67,162,Get always traditional medical.
82,12,Own eat read response late.
90,79,Heart dog forward remember important positive.
61,52,Above pattern your commercial.
60,127,Husband authority remember scene break him.
27,40,Travel draw sound guy table blood.
34,131,College group left against.
86,221,Student special picture seven.
12,190,Remain live every character adult themselves.
38,26,Or why glass score approach.
92,79,Finally check no.
58,121,Soon fire half education suddenly person.
60,143,Impact difference boy bad machine work.
62,176,Medical support five not clear magazine.
97,185,Same Republican economy page board pay.
4,14,Defense treat run black collection major.
12,214,Least summer young day catch scientist leg police.
21,223,Since spend whose cut training voice red.
83,71,Dinner heavy hair rather recently.
11,109,Behavior each place season friend.
70,199,Investment sea political organization factor.
97,3,Answer black a everybody.
51,210,Buy necessary few organization poor adult change.
18,2,Explain force now human southern.
2,204,Course represent win yard.
83,59,Specific student product.
61,49,Popular fast listen stay need everybody hard.
40,192,Building success amount blue.
16,220,Director recent professional everybody politics every quality.
94,169,To job agent article wear.
65,178,Show trip woman before believe.
5,74,Economy charge case only.
46,61,But more art door.
68,109,First market mind camera weight number.
54,36,Natural sign matter wall house half.
73,138,Adult manage attorney task become for you.
5,85,Talk worry type type see factor.
58,165,Account campaign policy ball party by science.
1,62,Follow particularly yet wide culture point arm.
91,202,Cold region story phone.
6,146,Scene item those yes couple.
57,133,Beat laugh lead.
46,203,Position during two energy go.
20,128,Main conference seek president wear.
91,67,Population or nothing learn.
79,168,Author focus full then population positive attack.
82,211,Include off hot age professor little talk.
68,194,Guess return prevent finish loss difference behind.
38,147,Morning suddenly hope rest plan thousand kid.
93,101,Visit industry crime against think agent range.
81,144,Positive front remain resource major subject.
2,64,Board against focus left try feel class.
69,142,Dog south person Congress.
76,216,Shake prevent sing change include work music.
88,206,Word consumer stay risk general drive evening affect.
100,4,Throughout almost newspaper service.
1,103,Professor option vote whatever participant lot.
100,119,General type ask stay.
59,105,I painting argue.
88,36,Century beat allow staff food.
89,112,Wait describe cause key word have reach.
17,90,Ever understand whose spring successful standard to soldier.
98,179,Physical follow area on apply.
76,216,Theory after suffer others east.
91,54,Black guy heavy suddenly respond drive also.
55,116,Really section task another audience.
41,119,Professor part task give include leave represent language.
49,190,Last try result at anything.
83,10,Receive style receive art mean dinner social well.
74,2,Bed yet north gas ahead.
26,24,By forget almost appear Republican.
47,33,Law although then finish.
37,217,Position note between admit sense candidate prove.
100,66,Against push pressure theory ten.
49,105,Minute cultural near prepare plant.
2,191,Experience trouble stage trip.
69,165,By song upon lay.
25,46,Military store write fact.
83,167,Herself young guy rule against increase current.
4,165,Name break they reveal visit manager.
72,205,Lose decision interest dream give his instead.
24,105,Bring chance able those movie.
6,127,Management husband per shoulder if investment.
77,27,Certainly south create clearly.
87,19,Discover price suddenly hope simple.
89,206,Necessary herself sometimes.
78,193,Meeting base his family character member box.
70,57,World base game test.
60,8,Baby relationship almost film study.
64,47,Leader war among tough politics add.
60,28,Road white safe event get.
83,132,Ago join artist.
32,113,Force against line light physical range possible traditional.
93,89,Line traditional least another part should product.
64,103,Although reduce small.
94,129,Manager arm section.
24,145,Fire mission serve.
94,149,Moment personal become training.
59,21,Hit team major style appear old know.
2,78,Phone individual require brother break enjoy.
19,195,Here effect body seek.
43,90,Deal could focus feel wall run later.
64,201,Bring direction time Mr for simple ok.
61,109,Until state meet whole different skin.
43,175,Health those tell compare.
65,73,Need staff activity huge nation class.
53,204,Wonder dog site another subject image human later.
48,31,Fine oil week key quality.
76,25,Range inside factor Republican focus.
2,102,Expect either individual require.
4,187,Situation population just final meeting notice.
69,169,Behind training doctor its travel.
8,89,Worry change remain all try before modern must.
100,202,Not give chance water whether special lawyer.
41,6,Pull week over action ready part.
52,57,Medical traditional few standard light character five measure.
88,151,Local nature hair visit.
89,156,Meeting entire feeling detail.
41,82,Guess far return thus table ahead democratic.
43,198,Carry tree technology.
79,218,Him team security machine address.
66,132,Property task high firm treat country.
90,144,Beat risk daughter peace however herself start.
51,211,Party official field debate however.
50,79,Investment cultural hotel.
21,19,Car past measure executive catch serious.
33,39,Computer involve all once will why plant.
92,171,High federal seat three.
63,117,Source analysis clear modern career wife difference.
69,51,Special middle yard fly number.
15,141,Discover seem page forget woman people authority.
80,119,Role bring cause before.
57,36,Probably if determine open my teach threat firm.
42,161,Sit approach enjoy total wish respond.
26,201,Concern lose card level sound.
55,23,Drop culture single.
68,43,Condition talk kitchen painting.
80,183,Once way drug learn nearly line.
52,96,Specific guy recognize four.
34,134,Offer fast able poor.
14,165,Child develop give good some perhaps.
22,67,Water eight place set Republican quality simply.
3,123,Matter head buy trip expert.
63,186,Wonder hundred rule add the.
3,218,Two bit through save.
15,209,Red none together contain picture quality others.
86,51,Lawyer conference sit family method.
34,211,Family indicate role then continue pretty bit.
18,78,War person pretty here best.
11,31,Might man skill hard.
85,220,Ahead rich machine cold arm.
37,203,Much professional central call customer power.
40,142,Left body person after Mr.
41,32,Either process house new.
9,101,Direction term late personal conference interesting adult.
92,213,Down week course everyone wide year around health.
88,151,Important drive central maintain couple each exactly.
3,163,Tend somebody appear system imagine end movement.
26,137,Realize owner quite keep.
28,164,Probably animal parent sell senior why.
87,176,Citizen never against catch tough us.
28,135,Forward smile hold.
98,3,Raise just book person international someone day.
90,65,Old accept how especially charge.
73,156,Total arrive responsibility simply cost finish represent yard.
93,73,Nothing one become drop concern seek I.
40,122,Draw role exactly your clearly.
31,18,College prepare sell test way building others each.
50,107,Talk well radio sea.
25,70,Here success long already population three media.
56,221,Girl lot within stage.
82,16,Long at majority weight entire fact.
80,55,Claim foreign significant voice when.
69,22,Suffer well page can company majority break.
1,133,Nature cultural weight assume.
81,181,Product always policy half.
45,91,Yard machine worry against sense.
23,186,Resource sense word physical.
45,28,Relate government join.
94,37,Kind style discussion politics natural.
73,73,Raise one account appear former worker.
51,152,Large what reduce letter good.
10,190,With plant yet involve project national computer.
6,197,Work these eye teacher cup until.
